MAIN,MAIN,MAIN,,,MAIN,MAIN,MAIN,MAIN,DETAIL,DETAIL,DETAIL,DETAIL,DETAIL,DETAIL,DETAIL,MAIN,DETAIL,DETAIL,DETAIL,DETAIL,DETAIL,MAIN,MAIN,MAIN,MAIN,DETAIL,DETAIL,DETAIL,MAIN,MAIN,MAIN,,MAIN,,,,,,,,
Stage,Day,Start Date,Taken?,Week,Start Closest City,Stop Name,Start Lat Long,Stop Lat Long,Detour,Detour Comment,Hm,Main Surface,Description ,# of roads (picklist),# of cities (Picklist) ,Level - Difficulty,Est. Temp ,Est. Daylight,Est. Rain,Interest Rank,Highlights,Country,Segment,Start Place - Descriptions,Link to Detailed Document,Start Place Pictures,Closest Airport - Name,Closest Airport - Distance,Stage Taken,Team Name,Main Shoreholder,Nat 1,Total Team members, Shoreholder 2,Nat 2,Shoreholder 3,Nat 3,Shoreholder 4,Nat 4,Shoreholder 5,Nat 5
1,Mon,02-07-2018,TRUE,1,Cadzand,Dunkirk - Leffrinckoucke,"51.36891, 3.36649","51.05748, 2.42786",,,Low,Sand,"Run the entire Belgium coast, the majority on sandy beaches with the crossing of the ports of Nieuwpoort, Blankenberge and Oostende. Cross 2 borders in one day.",10+,10+,Low,,,,1,"Knokke, Zeebrugge, Oostende, Nieuwpoort",BEL / FR,,,To Add,,,,,,Charles Van Haverbeke,BEL,3,Peter Van Praet,BEL,Daniel Calvert,UK,,,,
2,Tue,03-07-2018,FALSE,1,Dunkirk - Leffrinckoucke,Grand-Fort-Philippe (Digue du Chenal),"51.05748, 2.42786","50.99965, 2.11277",,,Medium,"Sand, Port",The straight distance between A and B is only 25-30km meaning a big part of the track is composed of running the Dunkirk port with its industrial scenes and long digues.,10+,10+,Low,,,,1,"Port of Dunkirk, Digue de Braek, Jetee du Clipon, Jetee du Dyck",FR,,,To Add,,,,,,,,,,,,,,,,
3,Wed,04-07-2018,TRUE,1,Grand-Fort-Philippe (Digue du Chenal),Boulogne Sur Mer (Digue Carnot),"50.99965, 2.11277","50.7367, 1.5673",,,,Sand,Pass the port of Calais - closest port to UK and connection to Dover - and the mythical Cap Gris Nez and Cap Blanc Nez with a finish on Digue Carnot in Boulogne Sur Mer.,10+,10+,Medium,,,,1,"Calais, Cap Gris Nez, Cap Blanc Nez",FR,"Calais, Cap Blanc Nez, Cap Gris Nez, Wissant",,To Add,,,,,,Elise Van de Vyvere,BEL,2,Alec Craeynest,BEL,Emile Steyaert,BEL,,,,
4,Thu,05-07-2018,TRUE,1,Boulogne Sur Mer (Digue Carnot),Le Crotoy,"50.7367, 1.5673","50.23134, 1.60777",,,,Sand,To Check,10+,10+,Low,,,,2,Le Touquet,FR,,,To Add,,,,,,Thomas Thewissen,BEL,2,Charles Van Haverbeke,BEL,,,,,,
5,Fri,06-07-2018,TRUE,1,Le Crotoy,Quiberville,"50.23134, 1.60777","49.90355, 0.91713",,,,To Check,To Check,10+,10+,Medium,,,,1,"Baie de La Somme, Le Tréport, Dieppe",FR,,,To Add,,,,,,Nick Van Praag,BEL,,Yann-Alexandre Tytgadt,BEL,Pieter-Jan Demulder,BEL,Maarten Billiet,BEL,Charles Van Haverbeke,BEL
6,Sat,07-07-2018,TRUE,1,Quiberville,Le Havre,"49.90355, 0.91713","49.49213, 0.0933",,,,To Check,To Check,10+,10+,1,,,,1,To Check,FR,,,To Add,,,,,,Miguel Van Canneyt,BEL,,Alexie Van Canneyt,BEL,,,,,,
7,Sun,08-07-2018,TRUE,1,Le Havre,Cabourg,"49.49213, 0.0933","49.2979, -0.11198",,,,To Check,To Check,10+,10+,1,,,,1,To Check,FR,,,To Add,,,,,,Maxim Laenen,BEL,2,Thomas Van Woensel,BEL,,,,,,
8,Mon,09-07-2018,TRUE,2,Cabourg,Grandcamp-Maisy,"49.2979, -0.11198","49.39285, -1.02255",,,,To Check,To Check,10+,10+,,,,,1,To Check,FR,,,To Add,,,,,,Geoffrey Delbaere,BEL,,Henri Vercruysse,BEL,,,,,,
9,Tue,10-07-2018,FALSE,2,Grandcamp-Maisy,Phare de Gatteville,"49.39285, -1.02255","49.69241, -1.26694",,,,To Check,To Check,10+,10+,,,,,2,To Check,FR,,,To Add,,,,,,,,,,,,,,,,
10,Wed,11-07-2018,FALSE,2,Phare de Gatteville,Dunes de Biville,"49.69241, -1.26694","49.60032, -1.84235",,,,To Check,To Check,10+,10+,,,,,2,To Check,FR,,,To Add,,,,,,,,,,,,,,,,
BUFFER  1,Thu,12-07-2018,FALSE,2,Dunes de Biville,Dunes de Biville,"49.60032, -1.84235","49.60032, -1.84235",,,,To Check,To Check,,,,,,,,To Check,FR,,,To Add,,,,,,,,,,,,,,,,
11,Fri,13-07-2018,TRUE,2,Dunes de Biville,Pirou Plage,"49.60032, -1.84235","49.16551, -1.59857",,,,To Check,To Check,10+,10+,,,,,1,,FR,,,To Add,,,,,,Anton Vanwijnsberghe,BEL,,Alexander Pappijn,BEL,,,,,,
12,Sat,14-07-2018,TRUE,2,Pirou Plage,Dragey,"49.16551, -1.59857","48.70156, -1.51468",,,,To Check,To Check,10+,10+,,,,,2,,FR,,,To Add,,,,,,Erwin Lammens,BEL,2,TBD,,,,,,,
13,Sun,15-07-2018,TRUE,2,Dragey,Pointe du Grouin,"48.70156, -1.51468","48.7025, -1.84816",,,,To Check,To Check,10+,10+,,,,,1,,FR,,,To Add,,,,,,Frederic Grysolle,BEL,2,Charles Van Cauwenberghe,BEL,,,,,,
14,Mon,16-07-2018,FALSE,3,Pointe du Grouin,Grand Trecelin (Pointe du Chateau Serein),"48.7025, -1.84816","48.7025, -1.84816",,,,To Check,To Check,,,,,,,2,,FR,,,To Add,,,,,,,,,,,,,,,,
15,Tue,17-07-2018,FALSE,3,Grand Trecelin (Pointe du Chateau Serein),Le Vau Chaperon - Plage des Godelins,"48.7025, -1.84816","48.61949, -2.81841",,,,To Check,To Check,,,,,,,1,,FR,,,To Add,,,,,,,,,,,,,,,,
16,Wed,18-07-2018,FALSE,3,Le Vau Chaperon - Plage des Godelins,Port-Beni,"48.61949, -2.81841","48.84576, -3.17204",,,,To Check,To Check,,,,,,,,,FR,,,To Add,,,,,,,,,,,,,,,,
17,Thu,19-07-2018,TRUE,3,Port-Beni,Tribeurden - Point de Bihi,"48.84576, -3.17204","48.75764, -3.58114",,,,To Check,To Check,,,,,,,,To Check,FR,,,To Add,,,,,,Arnaud Colle,BEL,2,Laurens Kesteloot,BEL,,,,,,
18,Fri,20-07-2018,TRUE,3,Tribeurden - Point de Bihi,Carantec - Penn Al Lann,"48.75764, -3.58114","48.6654, -3.89959",,,,To Check,To Check,,,,,,,,To Check,FR,,,To Add,,,,,,Frederick Detjen-Leisbach,AUS,2,Brother in Law,AUS,,,,,,
19,Sat,21-07-2018,FALSE,3,Carantec - Penn Al Lann,Brignognan-Plages - Le Cosquer,"48.6654, -3.89959","48.66608, -4.30569",,,,To Check,To Check,,,,,,,,To Check,FR,,,To Add,,,,,,,,,,,,,,,,
20,Sun,22-07-2018,FALSE,3,Brignognan-Plages - Le Cosquer,Portsall - Ancre Amoco Cadiz,"48.66608, -4.30569","48.55954, -4.70468",,,,To Check,To Check,,,,,,,,To Check,FR,,,To Add,,,,,,,,,,,,,,,,
BUFFER  2,Mon,23-07-2018,FALSE,4,Portsall - Ancre Amoco Cadiz,Portsall - Ancre Amoco Cadiz,"48.55954, -4.70468","48.55954, -4.70468",,,,To Check,To Check,,,,,,,,To Check,FR,,,To Add,,,,,,,,,,,,,,,,
21,Tue,24-07-2018,FALSE,4,Portsall - Ancre Amoco Cadiz,Brest - Queai des Mineraliers,"48.55954, -4.70468","48.38477, -4.46358",,,,To Check,To Check,,,,,,,,To Check,FR,,,To Add,,,,,,,,,,,,,,,,
22,Wed,25-07-2018,FALSE,4,Brest - Queai des Mineraliers,Bolast,"48.38477, -4.46358","48.291, -4.21095",,,,To Check,To Check,,,,,,,,To Check,FR,,,To Add,,,,,,,,,,,,,,,,
23,Thu,26-07-2018,FALSE,4,Bolast,Rostudel - Cap de La Chèvre,"48.291, -4.21095","48.16919, -4.55482",,,,To Check,To Check,,,,,,,,To Check,FR,,,To Add,,,,,,,,,,,,,,,,
24,Fri,27-07-2018,FALSE,4,Rostudel - Cap de La Chèvre,Pointe de Feunteun Aod,"48.16919, -4.55482","48.02854, -4.69582",,,,To Check,To Check,,,,,,,,"Pointe du Rasse, Pointe du Van",FR,,,To Add,,,,,,,,,,,,,,,,
25,Sat,28-07-2018,TRUE,4,Pointe de Feunteun Aod,Ile Chevalier,"48.02854, -4.69582","47.85684, -4.18459",,,,To Check,To Check,,,,,,,,"Pors Loubous, Phare d'Eckmuhi",FR,,,To Add,,,,,,Suzanne Van Praet,BEL,Wannes Van Praet,BEL,,,,,,,
26,Sun,29-07-2018,FALSE,4,Ile Chevalier,Kerouini,"47.85684, -4.18459","47.81226, -3.86904",,,,To Check,To Check,,,,,,,,,FR,,,To Add,,,,,,,,,,,,,,,,
27,Mon,30-07-2018,FALSE,5,Kerouini,Kerroch (Pointe du Tallud),"47.81226, -3.86904","47.69566, -3.45299",,,,To Check,To Check,,,,,,,,,FR,,,To Add,,,,,,,,,,,,,,,,
28,Tue,31-07-2018,FALSE,5,Kerroch (Pointe du Tallud),Plouharnel (Plage du Mentor),"47.69566, -3.45299","47.58818, -3.14554",,,,To Check,To Check,,,,,,,,,FR,,,To Add,,,,,,,,,,,,,,,,
29,Wed,01-08-2018,FALSE,5,Plouharnel (Plage du Mentor),Crac'h (Le Meitour Jean),"47.58818, -3.14554","47.61618, -2.95523",,,,To Check,To Check,,,,,,,,,FR,,,To Add,,,,,,,,,,,,,,,,
30,Thu,02-08-2018,FALSE,5,Crac'h (Le Meitour Jean),Sins - Rose en Since,"47.61618, -2.95523","47.62858, -2.69913",,,,To Check,To Check,,,,,,,,,FR,,,To Add,,,,,,,,,,,,,,,,
BUFFER  3,Fri,03-08-3018,FALSE,5,Sins - Rose en Since,Sins - Rose en Since,"47.62858, -2.69913","47.62858, -2.69913",,,,To Check,To Check,,,,,,,,,FR,,,To Add,,,,,,,,,,,,,,,,
31,Sat,04-08-2018,FALSE,5,Sins - Rose en Since,Le Tour du Parc,"47.62858, -2.69913","47.52776, -2.62169",,,,To Check,To Check,,,,,,,,,FR,,,To Add,,,,,,,,,,,,,,,,
32,Sun,05-08-2018,TRUE,5,Le Tour du Parc,Pointe de L'Espernel - Kerandré - Asserac,"47.52776, -2.62169","47.44584, -2.47209",,,,To Check,To Check,,,,,,,,,FR,,,To Add,,,,,,Eva Lakiere,BEL,,Ann Vanden Wygaerd,BEL,Britta Wyleman,BEL,,,,
33,Mon,06-08-2018,TRUE,6,Pointe de L'Espernel - Kerandré - Asserac,Saint-Nazaire,"47.44584, -2.47209","47.2944, -2.18061",,,,To Check,To Check,,,,,,,,,FR,,,,,,,,,Eva Lakiere,BEL,,Ann Vanden Wygaerd,BEL,Britta Wyleman,BEL,,,,
34,Tue,07-08-2018,FALSE,6,Saint-Nazaire,Noirmoutier-en-Ile,"47.2944, -2.18061","46.98994, -2.22024",,,,To Check,To Check,,,,,,,,,FR,,,,,,,,,,,,,,,,,,,
35,Wed,08-08-2018,FALSE,6,Noirmoutier-en-Ile,Les Sables d'Olonne,"46.98994, -2.22024","46.48908, -1.77069",,,,To Check,To Check,,,,,,,,,FR,,,,,,,,,,,,,,,,,,,
36,Thu,09-08-2018,FALSE,6,Les Sables d'Olonne,Esnandes ( National Nature Reserve of the Bay of Aiguillon) ,"46.48908, -1.77069","46.25835, -1.13086",,,,To Check,To Check,,,,,,,,,FR,,,,,,,,,,,,,,,,,,,
37,Fri,10-08-2018,FALSE,6,Esnandes ( National Nature Reserve of the Bay of Aiguillon) ,La Rochelle,"46.25835, -1.13086","46.16597, -1.22842",,,,To Check,To Check,,,,,,,,,FR,,,,,,,,,,,,,,,,,,,
38,Sat,11-08-2018,FALSE,6,La Rochelle,Caserne de Brouage / Bourcefranc,"46.16597, -1.22842","45.87001, -1.10888",,,,To Check,To Check,,,,,,,,,FR,,,,,,,,,,,,,,,,,,,
39,Sun,12-08-2018,FALSE,6,Caserne de Brouage / Bourcefranc,Pointe de Mus de Loop > Les Brandes > La Tremblade,"45.87001, -1.10888","45.79767, -1.14636",,,,To Check,To Check,,,,,,,,,FR,,,,,,,,,,,,,,,,,,,
40,Mon,13-08-2018,FALSE,7,Pointe de Mus de Loop > Les Brandes > La Tremblade,Saint-Bonnet-Sur-Gironde,"45.79767, -1.14636","45.32317, -0.7149",,,,To Check,To Check,,,,,,,,,FR,,,,,,,,,,,,,,,,,,,
BUFFER  4,Tue,14-08-2018,FALSE,7,Saint-Bonnet-Sur-Gironde,Saint-Bonnet-Sur-Gironde,"45.32317, -0.7149","45.32317, -0.7149",,,,To Check,To Check,,,,,,,,,FR,,,,,,,,,,,,,,,,,,,
41,Wed,15-08-2018,FALSE,7,Saint-Bonnet-Sur-Gironde,Ludon-Médoc > Bordeaux,"45.32317, -0.7149","44.99809, -0.56872",,,,To Check,To Check,,,,,,,,,FR,,,,,,,,,,,,,,,,,,,
42,Thu,16-08-2018,FALSE,7,Ludon-Médoc > Bordeaux,Montalivet-Les-Bains,"44.99809, -0.56872","45.37765, -1.16094",,,,To Check,To Check,,,,,,,,,FR,,,,,,,,,,,,,,,,,,,
43,Fri,17-08-2018,FALSE,7,Montalivet-Les-Bains,Arès > Lège-Cap-Ferret,"45.37765, -1.16094","44.7635, -1.1472",,,,To Check,To Check,,,,,,,,,FR,,,,,,,,,,,,,,,,,,,
44,Sat,18-08-2018,FALSE,7,Arès > Lège-Cap-Ferret,Casino de Mimizan,"44.7635, -1.1472","44.21217, -1.29931",,,,To Check,To Check,,,,,,,,,FR,,,,,,,,,,,,,,,,,,,
45,Sun,19-08-2018,FALSE,7,Casino de Mimizan,Maisica de Bayonne > Bayonne,"44.21217, -1.29931","43.5257, -1.49528",,,,To Check,To Check,,,,,,,,,FR,,,,,,,,,,,,,,,,,,,
46,Mon,20-08-2018,TRUE,8,Maisica de Bayonne > Bayonne,Plage de Zurriola > San Sebastian,"43.5257, -1.49528","43.33193, -1.97029",,,,To Check,To Check,,,,,,,,,FR / ESP,,,,,,,,,Nikolaas Van de Loock,BEL,,,,,,,,,
47,Tue,21-08-2018,FALSE,8,Plage de Zurriola > San Sebastian,Gametzo Auzoa (Laida Kanoak),"43.33193, -1.97029","43.39822, -2.69029",,,,To Check,To Check,,,,,,,,,ESP,,,,,,,,,,,,,,,,,,,
48,Wed,22-08-2018,FALSE,8,Gametzo Auzoa (Laida Kanoak),Barakaldo,"43.39822, -2.69029","43.31723, -3.00005",,,,To Check,To Check,,,,,,,,,ESP,,,,,,,,,,,,,,,,,,,
49,Thu,23-08-2018,FALSE,8,Barakaldo,Collindres / Laredo,"43.31723, -3.00005","43.42134, -3.45373",,,,To Check,To Check,,,,,,,,,ESP,,,,,,,,,,,,,,,,,,,
50,Fri,24-08-2018,FALSE,8,Collindres / Laredo,Aeropuerto de Santander,"43.42134, -3.45373","43.42928, -3.80387",,,,To Check,To Check,,,,,,,,,ESP,,,,,,,,,,,,,,,,,,,
BUFFER  5,Sat,25-08-2018,FALSE,8,Aeropuerto de Santander,Aeropuerto de Santander,"43.42928, -3.80387","43.42928, -3.80387",,,,To Check,To Check,,,,,,,,,ESP,,,,,,,,,,,,,,,,,,,
51,Sun,26-08-2018,FALSE,8,Aeropuerto de Santander,Punta De Sopica > Urb. La Tablia,"43.42928, -3.80387","43.43525, -4.0536",,,,To Check,To Check,,,,,,,,,ESP,,,,,,,,,,,,,,,,,,,
52,Mon,27-08-2018,FALSE,9,Punta De Sopica > Urb. La Tablia,Bufones de Arenillas > Puertas de Vidiago,"43.43525, -4.0536","43.40787, -4.69148",,,,To Check,To Check,,,,,,,,,ESP,,,,,,,,,,,,,,,,,,,
53,Tue,28-08-2018,FALSE,9,Bufones de Arenillas > Puertas de Vidiago,Villar > Santa Mera,"43.40787, -4.69148","43.53447, -5.37541",,,,To Check,To Check,,,,,,,,,ESP,,,,,,,,,,,,,,,,,,,
54,Wed,29-08-2018,FALSE,9,Villar > Santa Mera,La Fontica > Banugues ,"43.53447, -5.37541","43.64336, -5.82141",,,,To Check,To Check,,,,,,,,,ESP,,,,,,,,,,,,,,,,,,,
55,Thu,30-08-2018,FALSE,9,La Fontica > Banugues ,Playa del Silencia > Castaneras,"43.64336, -5.82141","43.56642, -6.30007",,,,To Check,To Check,,,,,,,,,ESP,,,,,,,,,,,,,,,,,,,
56,Fri,31-08-2018,FALSE,9,Playa del Silencia > Castaneras,San Antonio,"43.56642, -6.30007","43.57011, -6.93064",,,,To Check,To Check,,,,,,,,,ESP,,,,,,,,,,,,,,,,,,,
57,Sat,01-09-2018,FALSE,9,San Antonio,Porto de Lago > Lago,"43.57011, -6.93064","43.71045, -7.45846",,,,To Check,To Check,,,,,,,,,ESP,,,,,,,,,,,,,,,,,,,
58,Sun,02-09-2018,FALSE,9,Porto de Lago > Lago,Eglesia de Santa Eulalia de Ladrido > O Mosteiro,"43.71045, -7.45846","43.70637, -7.82538",,,,To Check,To Check,,,,,,,,,ESP,,,,,,,,,,,,,,,,,,,
59,Mon,03-09-2018,FALSE,10,Eglesia de Santa Eulalia de Ladrido > O Mosteiro,Cala Burbujas > O Barral,"43.70637, -7.82538","43.64399, -8.06592",,,,To Check,To Check,,,,,,,,,ESP,,,,,,,,,,,,,,,,,,,
60,Tue,04-09-2018,FALSE,10,Cala Burbujas > O Barral,Ferrol,"43.64399, -8.06592","43.48261, -8.25437",,,,To Check,To Check,,,,,,,,,ESP,,,,,,,,,,,,,,,,,,,
BUFFER  6,Wed,05-09-2018,FALSE,10,Ferrol,Ferrol,"43.48261, -8.25437","43.48261, -8.25437",,,,To Check,To Check,,,,,,,,,ESP,,,,,,,,,,,,,,,,,,,
61,Thu,06-09-2018,FALSE,10,Ferrol,Punta Torrella > Torre,"43.48261, -8.25437","43.40375, -8.30833",,,,To Check,To Check,,,,,,,,,ESP,,,,,,,,,,,,,,,,,,,
62,Fri,07-09-2018,FALSE,10,Punta Torrella > Torre,Punta Falsa > Buno,"43.40375, -8.30833","43.2993, -8.77133",,,,To Check,To Check,,,,,,,,,ESP,,,,,,,,,,,,,,,,,,,
63,Sat,08-09-2018,FALSE,10,Punta Falsa > Buno,Arou,"43.2993, -8.77133","43.18606, -9.10608",,,,To Check,To Check,,,,,,,,,ESP,,,,,,,,,,,,,,,,,,,
64,Sun,09-09-2018,FALSE,10,Arou,Frixe,"43.18606, -9.10608","43.00893, -9.22422",,,,To Check,To Check,,,,,,,,,ESP,,,,,,,,,,,,,,,,,,,
65,Mon,10-09-2018,FALSE,11,Frixe,Punta Canton > Praia de Area Maior > Louro,"43.00893, -9.22422","42.75607, -9.10405",,,,To Check,To Check,,,,,,,,,ESP,,,,,,,,,,,,,,,,,,,
66,Tue,11-09-2018,FALSE,11,Punta Canton > Praia de Area Maior > Louro,Corrubedo,"42.75607, -9.10405","42.56874, -9.08231",,,,To Check,To Check,,,,,,,,,ESP,,,,,,,,,,,,,,,,,,,
67,Wed,12-09-2018,FALSE,11,Corrubedo,Catoira,"42.56874, -9.08231","42.66699, -8.72881",,,,To Check,To Check,,,,,,,,,ESP,,,,,,,,,,,,,,,,,,,
68,Thu,13-09-2018,FALSE,11,Catoira,Illa da Toxa,"42.66699, -8.72881","42.4997, -8.84181",,,,To Check,To Check,,,,,,,,,ESP,,,,,,,,,,,,,,,,,,,
69,Fri,14-09-2018,FALSE,11,Illa da Toxa,Cabo Udra,"42.4997, -8.84181","42.33905, -8.82454",,,,To Check,To Check,,,,,,,,,ESP,,,,,,,,,,,,,,,,,,,
70,Sat,15-09-2018,FALSE,11,Cabo Udra,Praia de Patos,"42.33905, -8.82454","42.1549, -8.82587",,,,To Check,To Check,,,,,,,,,ESP,,,,,,,,,,,,,,,,,,,
BUFFER  7,Sun,16-09-2018,FALSE,11,Praia de Patos,Praia de Patos,"42.1549, -8.82587","42.1549, -8.82587",,,,To Check,To Check,,,,,,,,,ESP,,,,,,,,,,,,,,,,,,,
71,Mon,17-09-2018,FALSE,12,Praia de Patos,Praia de Moledo > Fontela,"42.1549, -8.82587","41.84188, -8.87397",,,,To Check,To Check,,,,,,,,,ESP / POR,,,,,,,,,,,,,,,,,,,
72,Tue,18-09-2018,FALSE,12,Praia de Moledo > Fontela,Praia de Arvore > Mindelo,"41.84188, -8.87397","41.31861, -8.73979",,,,To Check,To Check,,,,,,,,,POR,,,,,,,,,,,,,,,,,,,
73,Wed,19-09-2018,FALSE,12,Praia de Arvore > Mindelo,Praia de Sao Jacinto > Sao Jacinto,"41.31861, -8.73979","40.64871, -8.75639",,,,To Check,To Check,,,,,,,,,,,,,,,,,,,,,,,,,,,,
74,Thu,20-09-2018,FALSE,12,Praia de Sao Jacinto > Sao Jacinto,Praia da Costa Nova > Costa Nova da Prado,"40.64871, -8.75639","40.62105, -8.75323",,,,To Check,To Check,,,,,,,,,,,,,,,,,,,,,,,,,,,,
75,Fri,21-09-2018,FALSE,12,Praia da Costa Nova > Costa Nova da Prado,Praia do Pedrogao > Coimbrao,"40.62105, -8.75323","39.92443, -8.95146",,,,To Check,To Check,,,,,,,,,,,,,,,,,,,,,,,,,,,,
76,Sat,22-09-2018,FALSE,12,Praia do Pedrogao > Coimbrao,Casal de Lapinha,"39.92443, -8.95146","39.41826, -9.22239",,,,To Check,To Check,,,,,,,,,,,,,,,,,,,,,,,,,,,,
77,Sun,23-09-2018,FALSE,12,Casal de Lapinha,Azenhas do Mar,"39.41826, -9.22239","38.83642, -9.46638",,,,To Check,To Check,,,,,,,,,,,,,,,,,,,,,,,,,,,,
78,Mon,24-09-2018,FALSE,13,Azenhas do Mar,Gas Station (Repsol) > Cabo > Lisbon,"38.83642, -9.46638","38.93983, -8.93792",,,,To Check,To Check,,,,,,,,,,,,,,,,,,,,,,,,,,,,
79,Tue,25-09-2018,FALSE,13,Gas Station (Repsol) > Cabo > Lisbon,Verderena > Barreiro > Lisbon,"38.93983, -8.93792","38.65251, -9.07529",,,,To Check,To Check,,,,,,,,,,,,,,,,,,,,,,,,,,,,
80,Wed,26-09-2018,FALSE,13,Verderena > Barreiro > Lisbon,Praia do Inferno > Aldeia Nova,"38.65251, -9.07529","38.43093, -9.16268",,,,To Check,To Check,,,,,,,,,,,,,,,,,,,,,,,,,,,,
BUFFER  8,Thu,27-09-2018,FALSE,13,Praia do Inferno > Aldeia Nova,Praia do inferno > Aldeia Nova,"38.43093, -9.16268","38.43093, -9.16268",,,,To Check,To Check,,,,,,,,,,,,,,,,,,,,,,,,,,,,
81,Fri,28-09-2018,FALSE,13,Praia do inferno > Aldeia Nova,Gambia,"38.43093, -9.16268","38.54781, -8.75831",,,,,,,,,,,,,,,,,,,,,,,,,,,,,,,,,
82,Sat,29-09-2018,FALSE,13,Gambia,Moitinha,"38.54781, -8.75831","38.41874, -8.73739",,,,,,,,,,,,,,,,,,,,,,,,,,,,,,,,,
83,Sun,30-09-2018,FALSE,13,Moitinha,Praia da Alberta Nova > Fontainhas,"38.41874, -8.73739","38.17246, -8.76709",,,,,,,,,,,,,,,,,,,,,,,,,,,,,,,,,
84,Mon,01-10-2018,FALSE,14,Praia da Alberta Nova > Fontainhas,Almograve,"38.17246, -8.76709","37.67635, -8.79574",,,,,,,,,,,,,,,,,,,,,,,,,,,,,,,,,
85,Tue,02-10-2018,FALSE,14,Almograve,Prainha > Praia do Amado,"37.67635, -8.79574","37.16032, -8.90645",,,,,,,,,,,,,,,,,,,,,,,,,,,,,,,,,
86,Wed,03-10-2018,FALSE,14,Prainha > Praia do Amado,Praia da Rocha > Portimao,"37.16032, -8.90645","37.11518, -8.52685",,,,,,,,,,,,,,,,,,,,,,,,,,,,,,,,,
87,Thu,04-10-2018,FALSE,14,Praia da Rocha > Portimao,Olhao,"37.11518, -8.52685","37.02199, -7.85078",,,,,,,,,,,,,,,,,,,,,,,,,,,,,,,,,
88,Fri,05-10-2018,FALSE,14,Olhao,Estero de San Bruno > Isla Canela,"37.02199, -7.85078","37.18253, -7.38972",,,,,,,,,,,,,,,,,,,,,,,,,,,,,,,,,
89,Sat,06-10-2018,FALSE,14,Estero de San Bruno > Isla Canela,Lepe,"37.18253, -7.38972","37.27312, -7.17727",,,,,,,,,,,,,,,,,,,,,,,,,,,,,,,,,
90,Sun,07-10-2018,FALSE,14,Lepe,Mazagon,"37.27312, -7.17727","37.12874, -6.82948",,,,,,,,,,,,,,,,,,,,,,,,,,,,,,,,,
BUFFER  9,Mon,08-10-2018,FALSE,15,Mazagon,Mazagon,"37.12874, -6.82948","37.12874, -6.82948",,,,,,,,,,,,,,,,,,,,,,,,,,,,,,,,,
91,Tue,09-10-2018,FALSE,15,Mazagon,Isla Minima (next to Quadalquivir),"37.12874, -6.82948","37.03025, -6.14971",,,,,,,,,,,,,,ESP,,,,,,,,,,,,,,,,,,,
92,Wed,10-10-2018,FALSE,15,Isla Minima (next to Quadalquivir),Lebrija (next to Quadalquivir),"37.03025, -6.14971","36.939, -6.18226",,,,,,,,,,,,,,ESP,,,,,,,,,,,,,,,,,,,
93,Thu,11-10-2018,FALSE,15,Lebrija (next to Quadalquivir),Puerto Real,"36.939, -6.18226","36.55751, -6.20531",,,,,,,,,,,,,,ESP,,,,,,,,,,,,,,,,,,,
94,Fri,12-10-2018,FALSE,15,Puerto Real,Faro de Camarina,"36.55751, -6.20531","36.08809, -5.80521",,,,,,,,,,,,,,ESP,,,,,,,,,,,,,,,,,,,
95,Sat,13-10-2018,FALSE,15,Faro de Camarina,Gibraltar (Reclamation Areas),"36.08809, -5.80521","36.14776, -5.36111",,,,,,,,,,,,,,ESP,,,,,,,,,,,,,,,,,,,
96,Sun,14-10-2018,TRUE,15,Gibraltar (Reclamation Areas),Punta del Lance de las Canas > Marbella,"36.14776, -5.36111","36.48256, -4.74048",,,,,,,,,,,,,,ESP,,,,,,,,,Katrien Van Goethem,BEL,Raphaelle Tanghe,BEL,,,,,,,
97,Mon,15-10-2018,FALSE,16,Punta del Lance de las Canas > Marbella,El Penoncillo,"36.48256, -4.74048","36.73327, -3.93998",,,,,,,,,,,,,,ESP,,,,,,,,,,,,,,,,,,,
98,Tue,16-10-2018,FALSE,16,El Penoncillo,El Lance de la Virgin,"36.73327, -3.93998","36.7472, -3.04645",,,,,,,,,,,,,,ESP,,,,,,,,,,,,,,,,,,,
99,Wed,17-10-2018,FALSE,16,El Lance de la Virgin,Cabo de Gata,"36.7472, -3.04645","36.7624, -2.22867",,,,,,,,,,,,,,ESP,,,,,,,,,,,,,,,,,,,
100,Thu,18-10-2018,FALSE,16,Cabo de Gata,Villaricos,"36.7624, -2.22867","37.24682, -1.77172",,,,,,,,,,,,,,ESP,,,,,,,,,,,,,,,,,,,
BUFFER  100,Fri,19-10-2018,FALSE,16,Villaricos,Villaricos,"37.24682, -1.77172","37.24682, -1.77172",,,,,,,,,,,,,,ESP,,,,,,,,,,,,,,,,,,,
101,Sat,20-10-2018,FALSE,16,Villaricos,Cala del Bolete Chico / Girobao,"37.24682, -1.77172","37.56368, -1.11651",,,,,,,,,,,,,,ESP,,,,,,,,,,,,,,,,,,,
102,Sun,21-10-2018,FALSE,16,Cala del Bolete Chico / Girobao,Puerto Deportivo Tomas Maestre,"37.56368, -1.11651","37.74322, -0.74157",,,,,,,,,,,,,,ESP,,,,,,,,,,,,,,,,,,,
103,Mon,22-10-2018,FALSE,17,Puerto Deportivo Tomas Maestre,Guardamar del Segura,"37.74322, -0.74157","38.10248, -0.64413",,,,,,,,,,,,,,ESP,,,,,,,,,,,,,,,,,,,
104,Tue,23-10-2018,FALSE,17,Guardamar del Segura,Playa Poniente > Benidorm,"38.10248, -0.64413","38.53489, -0.15234",,,,,,,,,,,,,,ESP,,,,,,,,,,,,,,,,,,,
105,Wed,24-10-2018,FALSE,17,Playa Poniente > Benidorm,Deveses,"38.53489, -0.15234","38.87115, -0.01339",,,,,,,,,,,,,,ESP,,,,,,,,,,,,,,,,,,,
106,Thu,25-10-2018,FALSE,17,Deveses,Balearia Valencia > Valencia,"38.87115, -0.01339","39.44488, -0.32204",,,,,,,,,,,,,,ESP,,,,,,,,,,,,,,,,,,,
107,Fri,26-10-2018,FALSE,17,Balearia Valencia > Valencia,El Grao de Castellon,"39.44488, -0.32204","39.96079, 0.01057",,,,,,,,,,,,,,ESP,,,,,,,,,,,,,,,,,,,
108,Sat,27-10-2018,FALSE,17,El Grao de Castellon,Urbanizacion Las Palmeras,"39.96079, 0.01057","40.5053, 0.50512",,,,,,,,,,,,,,ESP,,,,,,,,,,,,,,,,,,,
109,Sun,28-10-2018,FALSE,17,Urbanizacion Las Palmeras,Mirador Migjorn > Gola de Migjorn,"40.5053, 0.50512","40.68858, 0.86015",,,,,,,,,,,,,,ESP,,,,,,,,,,,,,,,,,,,
110,Mon,29-10-2018,FALSE,18,Mirador Migjorn > Gola de Migjorn,Illot del Torn > La Rojala Platja del Torn,"40.68858, 0.86015","40.96182, 0.88428",,,,,,,,,,,,,,ESP,,,,,,,,,,,,,,,,,,,
BUFFER  110,Tue,30-10-2018,FALSE,18,Illot del Torn > La Rojala Platja del Torn,Illot del Torn > La Rojala Platja del Torn,"40.96182, 0.88428","40.96182, 0.88428",,,,,,,,,,,,,,ESP,,,,,,,,,,,,,,,,,,,
111,Wed,31-10-2018,FALSE,18,Illot del Torn > La Rojala Platja del Torn,El Raco de Santa LLucia,"40.96182, 0.88428","41.20832, 1.70025",,,,,,,,,,,,,,ESP,,,,,,,,,,,,,,,,,,,
112,Thu,01-11-2018,FALSE,18,El Raco de Santa LLucia,Sant Adria de Besos > Sant Roc > Barcelona,"41.20832, 1.70025","41.42562, 2.23688",,,,,,,,,,,,,,ESP,,,,,,,,,,,,,,,,,,,
113,Fri,02-11-2018,FALSE,18,Sant Adria de Besos > Sant Roc > Barcelona,Sant Feliu de Guixols,"41.42562, 2.23688","41.7785, 3.03832",,,,,,,,,,,,,,ESP,,,,,,,,,,,,,,,,,,,
114,Sat,03-11-2018,FALSE,18,Sant Feliu de Guixols,L'Illa Gran > La Garriga,"41.7785, 3.03832","42.26858, 3.13048",,,,,,,,,,,,,,ESP,,,,,,,,,,,,,,,,,,,
115,Sun,04-11-2018,FALSE,18,L'Illa Gran > La Garriga,Banyuls-Sur-Mer,"42.26858, 3.13048","42.48044, 3.13572",,,,,,,,,,,,,,ESP / FR,,,,,,,,,,,,,,,,,,,
116,Mon,05-11-2018,FALSE,19,Banyuls-Sur-Mer,Plage de la Franqui > La Palme,"42.48044, 3.13572","42.95228, 3.04129",,,,,,,,,,,,,,FR,,,,,,,,,,,,,,,,,,,
117,Tue,06-11-2018,FALSE,19,Plage de la Franqui > La Palme,L'Escale > Agde,"42.95228, 3.04129","43.29727, 3.45113",,,,,,,,,,,,,,FR,,,,,,,,,,,,,,,,,,,
118,Wed,07-11-2018,FALSE,19,L'Escale > Agde,La Grande Motte > Le Couchan,"43.29727, 3.45113","43.5555, 4.08187",,,,,,,,,,,,,,FR,,,,,,,,,,,,,,,,,,,
119,Thu,08-11-2018,FALSE,19,La Grande Motte > Le Couchan,Etang du Beaduc,"43.5555, 4.08187","43.35946, 4.58825",,,,,,,,,,,,,,FR,,,,,,,,,,,,,,,,,,,
120,Fri,09-11-2018,FALSE,19,Etang du Beaduc,Port-Saint-Louis-du-Rhone,"43.35946, 4.58825","43.40607, 4.853",,,,,,,,,,,,,,FR,,,,,,,,,,,,,,,,,,,
BUFFER  120,Sat,10-11-2018,FALSE,19,Port-Saint-Louis-du-Rhone,Port-Saint-Louis-du-Rhone,"43.40607, 4.853","43.40607, 4.853",,,,,,,,,,,,,,FR,,,,,,,,,,,,,,,,,,,
121,Sun,11-11-2018,FALSE,19,Port-Saint-Louis-du-Rhone,Petit Méjaean,"43.40607, 4.853","43.32869, 5.22512",,,,,,,,,,,,,,FR,,,,,,,,,,,,,,,,,,,
122,Mon,12-11-2018,FALSE,20,Petit Méjaean,Cassis,"43.32869, 5.22512","43.21268, 5.53461",,,,,,,,,,,,,,FR,,,,,,,,,,,,,,,,,,,
123,Tue,13-11-2018,FALSE,20,Cassis,La Seyne-Sur-Mer > Toulon,"43.21268, 5.53461","43.10763, 5.8828",,,,,,,,,,,,,,FR,,,,,,,,,,,,,,,,,,,
124,Wed,14-11-2018,FALSE,20,La Seyne-Sur-Mer > Toulon,Pointe de la Galère > Cabasson,"43.10763, 5.8828","43.09089, 6.33417",,,,,,,,,,,,,,FR,,,,,,,,,,,,,,,,,,,
125,Thu,15-11-2018,FALSE,20,Pointe de la Galère > Cabasson,Port Grimaud,"43.09089, 6.33417","43.27116, 6.57532",,,,,,,,,,,,,,FR,,,,,,,,,,,,,,,,,,,
126,Fri,16-11-2018,FALSE,20,Port Grimaud,Cap de la Croissette > Cannes,"43.27116, 6.57532","43.53721, 7.03578",,,,,,,,,,,,,,FR,,,,,,,,,,,,,,,,,,,
127,Sat,17-11-2018,FALSE,20,Cap de la Croissette > Cannes,Port de Cap d'Ail | Monaco,"43.53721, 7.03578","43.72337, 7.41637",,,,,,,,,,,,,,FR,,,,,,,,,,,,,,,,,,,
128,Sun,18-11-2018,FALSE,20,Port de Cap d'Ail | Monaco,Diano Marina,"43.72337, 7.41637","43.90541, 8.07829",,,,,,,,,,,,,,FR / ITA,,,,,,,,,,,,,,,,,,,
129,Mon,19-11-2018,FALSE,21,Diano Marina,Varazze,"43.90541, 8.07829","44.35838, 8.57554",,,,,,,,,,,,,,ITA,,,,,,,,,,,,,,,,,,,
130,Tue,20-11-2018,FALSE,21,Varazze,Abbazia di San Fruttuoso,"44.35838, 8.57554","44.31606, 9.1757",,,,,,,,,,,,,,ITA,,,,,,,,,,,,,,,,,,,
BUFFER  130,Wed,21-11-2018,FALSE,21,Abbazia di San Fruttuoso,Abbazia di San Fruttuoso,"44.31606, 9.1757","44.31606, 9.1757",,,,,,,,,,,,,,ITA,,,,,,,,,,,,,,,,,,,
131,Thu,22-11-2018,FALSE,21,Abbazia di San Fruttuoso,Castello Doria > Portovenere,"44.31606, 9.1757","44.05735, 9.82306",,,,,,,,,,,,,,ITA,,,,,,,,,,,,,,,,,,,
132,Fri,23-11-2018,FALSE,21,Castello Doria > Portovenere,Marina di Torre del Lago Puccini,"44.05735, 9.82306","43.82681, 10.25312",,,,,,,,,,,,,,ITA,,,,,,,,,,,,,,,,,,,
133,Sat,24-11-2018,FALSE,21,Marina di Torre del Lago Puccini,Antignano,"43.82681, 10.25312","43.49602, 10.3228",,,,,,,,,,,,,,ITA,,,,,,,,,,,,,,,,,,,
134,Sun,25-11-2018,FALSE,21,Antignano,Gagno,"43.49602, 10.3228","42.94366, 10.55083",,,,,,,,,,,,,,ITA,,,,,,,,,,,,,,,,,,,
135,Mon,26-11-2018,FALSE,22,Gagno,Le Colonne (River:  Ombrone) > Grosseto,"42.94366, 10.55083","42.71519, 11.10543",,,,,,,,,,,,,,ITA,,,,,,,,,,,,,,,,,,,
136,Tue,27-11-2018,FALSE,22,Le Colonne (River:  Ombrone) > Grosseto,Forte Stella > Porto Ercole,"42.71519, 11.10543","42.38262, 11.20048",,,,,,,,,,,,,,ITA,,,,,,,,,,,,,,,,,,,
137,Wed,28-11-2018,FALSE,22,Forte Stella > Porto Ercole,Civitavecchia,"42.38262, 11.20048","42.09462, 11.78596",,,,,,,,,,,,,,ITA,,,,,,,,,,,,,,,,,,,
138,Thu,29-11-2018,FALSE,22,Civitavecchia,Villagio Tognazzi > Rome,"42.09462, 11.78596","41.67619, 12.38709",,,,,,,,,,,,,,ITA,,,,,,,,,,,,,,,,,,,
139,Fri,30-11-2018,FALSE,22,Villagio Tognazzi > Rome,Faro> San Filipe Circeo,"41.67619, 12.38709","41.22413, 13.07986",,,,,,,,,,,,,,ITA,,,,,,,,,,,,,,,,,,,
140,Sat,01-12-2018,FALSE,22,Faro> San Filipe Circeo,Baia Domizia,"41.22413, 13.07986","41.17968, 13.81912",,,,,,,,,,,,,,ITA,,,,,,,,,,,,,,,,,,,
BUFFER  140,Sun,02-12-2018,FALSE,22,Baia Domizia,Baia Domizia,"41.17968, 13.81912","41.17968, 13.81912",,,,,,,,,,,,,,ITA,,,,,,,,,,,,,,,,,,,
141,Mon,03-12-2018,FALSE,23,Baia Domizia,City Park > Chiaia > Napoli,"41.17968, 13.81912","40.83205, 14.2363",,,,,,,,,,,,,,ITA,,,,,,,,,,,,,,,,,,,
142,Tue,04-12-2018,FALSE,23,City Park > Chiaia > Napoli,San Pietro (Amalfi Drive),"40.83205, 14.2363","40.61565, 14.44065",,,,,,,,,,,,,,ITA,,,,,,,,,,,,,,,,,,,
143,Wed,05-12-2018,FALSE,23,San Pietro (Amalfi Drive),Sant Mary,"40.61565, 14.44065","40.30653, 14.94618",,,,,,,,,,,,,,ITA,,,,,,,,,,,,,,,,,,,
144,Thu,06-12-2018,FALSE,23,Sant Mary,Policastro Bussentino,"40.30653, 14.94618","40.07442, 15.53445",,,,,,,,,,,,,,ITA,,,,,,,,,,,,,,,,,,,
145,Fri,07-12-2018,FALSE,23,Policastro Bussentino,Intavolata,"40.07442, 15.53445","39.47507, 15.96292",,,,,,,,,,,,,,ITA,,,,,,,,,,,,,,,,,,,
146,Sat,08-12-2018,FALSE,23,Intavolata,Vibo Marina,"39.47507, 15.96292","38.72265, 16.12508",,,,,,,,,,,,,,ITA,,,,,,,,,,,,,,,,,,,
147,Sun,09-12-2018,FALSE,23,Vibo Marina,Favazzina,"38.72265, 16.12508","38.26513, 15.76527",,,,,,,,,,,,,,ITA,,,,,,,,,,,,,,,,,,,
148,Mon,10-12-2018,FALSE,24,Favazzina,Marinella <IN BETWEEN> Canalello,"38.26513, 15.76527","38.00196, 16.12657",,,,,,,,,,,,,,ITA,,,,,,,,,,,,,,,,,,,
149,Tue,11-12-2018,FALSE,24,Marinella <IN BETWEEN> Canalello,Soverato Marina,"38.00196, 16.12657","38.69267, 16.54573",,,,,,,,,,,,,,ITA,,,,,,,,,,,,,,,,,,,
150,Wed,12-12-2018,FALSE,24,Soverato Marina,Villaggio CasaRossa,"38.69267, 16.54573","39.04401, 17.1506",,,,,,,,,,,,,,ITA,,,,,,,,,,,,,,,,,,,
BUFFER  150,Thu,13-12-2018,FALSE,24,Villaggio CasaRossa,Villagio CasaRossa,"39.04401, 17.1506","39.04401, 17.1506",,,,,,,,,,,,,,ITA,,,,,,,,,,,,,,,,,,,
151,Fri,14-12-2018,FALSE,24,Villagio CasaRossa,Fossa Solfara Mare,"39.04401, 17.1506","39.61669, 16.72691",,,,,,,,,,,,,,ITA,,,,,,,,,,,,,,,,,,,
152,Sat,15-12-2018,FALSE,24,Fossa Solfara Mare,Lido di Policoro,"39.61669, 16.72691","39.61669, 16.72691",,,,,,,,,,,,,,ITA,,,,,,,,,,,,,,,,,,,
153,Sun,16-12-2018,FALSE,24,Lido di Policoro,Evergreen > Fermata Bellavista,"39.61669, 16.72691","40.49407, 17.17675",,,,,,,,,,,,,,ITA,,,,,,,,,,,,,,,,,,,
154,Mon,17-12-2018,FALSE,25,Evergreen > Fermata Bellavista,Torre Lapillo,"40.49407, 17.17675","40.28453, 17.85949",,,,,,,,,,,,,,ITA,,,,,,,,,,,,,,,,,,,
155,Tue,18-12-2018,FALSE,25,Torre Lapillo,Marina San Gregorio,"40.28453, 17.85949","39.81675, 18.30851",,,,,,,,,,,,,,ITA,,,,,,,,,,,,,,,,,,,
156,Wed,19-12-2018,FALSE,25,Marina San Gregorio,Campo Verde > San Cataldo,"39.81675, 18.30851","40.36786, 18.32709",,,,,,,,,,,,,,ITA,,,,,,,,,,,,,,,,,,,
157,Thu,20-12-2018,FALSE,25,Campo Verde > San Cataldo,Torre Guaceto,"40.36786, 18.32709","40.71772, 17.78827",,,,,,,,,,,,,,ITA,,,,,,,,,,,,,,,,,,,
158,Fri,21-12-2018,FALSE,25,Torre Guaceto,Torre a Mare,"40.71772, 17.78827","41.08561, 17.01027",,,,,,,,,,,,,,ITA,,,,,,,,,,,,,,,,,,,
159,Sat,22-12-2018,FALSE,25,Torre a Mare,Barletta,"41.08561, 17.01027","41.32441, 16.27667",,,,,,,,,,,,,,ITA,,,,,,,,,,,,,,,,,,,
160,Sun,23-12-2018,FALSE,25,Barletta,Grotta dei Pepistreli,"41.32441, 16.27667","41.75503, 16.16306",,,,,,,,,,,,,,ITA,,,,,,,,,,,,,,,,,,,
BUFFER  160,Mon,24-12-2018,FALSE,26,Grotta dei Pepistreli,Grotta dei Pepistreli,"41.75503, 16.16306","41.75503, 16.16306",,,,,,,,,,,,,,ITA,,,,,,,,,,,,,,,,,,,
161,Tue,25-12-2018,FALSE,26,Grotta dei Pepistreli,Spiaggia di Cauto > Lago di Lesina,"41.75503, 16.16306","41.90729, 15.49068",,,,,,,,,,,,,,ITA,,,,,,,,,,,,,,,,,,,
162,Wed,26-12-2018,FALSE,26,Spiaggia di Cauto > Lago di Lesina,San Salvo Marina,"41.90729, 15.49068","42.07873, 14.75656",,,,,,,,,,,,,,ITA,,,,,,,,,,,,,,,,,,,
163,Thu,27-12-2018,FALSE,26,San Salvo Marina,Torre del Cerrano,"42.07873, 14.75656","42.57395, 14.09951",,,,,,,,,,,,,,ITA,,,,,,,,,,,,,,,,,,,
164,Fri,28-12-2018,FALSE,26,Torre del Cerrano,Fonte di Mare > Civitanova Marche,"42.57395, 14.09951","43.28657, 13.74684",,,,,,,,,,,,,,ITA,,,,,,,,,,,,,,,,,,,
165,Sat,29-12-2018,FALSE,26,Fonte di Mare > Civitanova Marche,Senigallia,"43.28657, 13.74684","43.73235, 13.20025",,,,,,,,,,,,,,ITA,,,,,,,,,,,,,,,,,,,
166,Sun,30-12-2018,FALSE,26,Senigallia,Bellaria <> Igea Marina,"43.73235, 13.20025","44.14322, 12.47258",,,,,,,,,,,,,,ITA,,,,,,,,,,,,,,,,,,,
167,Mon,31-12-2018,FALSE,27,Bellaria <> Igea Marina,Casalborsetti,"44.14322, 12.47258","44.59121, 12.28062",,,,,,,,,,,,,,ITA,,,,,,,,,,,,,,,,,,,
168,Tue,01-01-2019,FALSE,27,Casalborsetti,Ponte di Barche del Po di Goro,"44.59121, 12.28062","44.83297, 12.34411",,,,,,,,,,,,,,ITA,,,,,,,,,,,,,,,,,,,
169,Wed,02-01-2019,FALSE,27,Ponte di Barche del Po di Goro,Tolle,"44.83297, 12.34411","44.94875, 12.43002",,,,,,,,,,,,,,ITA,,,,,,,,,,,,,,,,,,,
170,Thu,03-01-2019,FALSE,27,Tolle,Rosapineta,"44.94875, 12.43002","45.13225, 12.32671",,,,,,,,,,,,,,ITA,,,,,,,,,,,,,,,,,,,
BUFFER  170,Fri,04-01-2019,FALSE,27,Rosapineta,Rosapineta,"45.13225, 12.32671","45.13225, 12.32671",,,,,,,,,,,,,,ITA,,,,,,,,,,,,,,,,,,,
171,Sat,05-01-2019,FALSE,27,Rosapineta,Fogolana,"45.13225, 12.32671","45.27667, 12.15266",,,,,,,,,,,,,,ITA,,,,,,,,,,,,,,,,,,,
172,Sun,06-01-2019,FALSE,27,Fogolana,Porto Marghera > Venice,"45.27667, 12.15266","45.46485, 12.27454",,,,,,,,,,,,,,ITA,,,,,,,,,,,,,,,,,,,
173,Mon,07-01-2019,FALSE,28,Porto Marghera > Venice,Le Trezze,"45.46485, 12.27454","45.56402, 12.48302",,,,,,,,,,,,,,ITA,,,,,,,,,,,,,,,,,,,
174,Tue,08-01-2019,FALSE,28,Le Trezze,Isola dei Pescatori > Caorle,"45.56402, 12.48302","45.6267, 12.88912",,,,,,,,,,,,,,ITA,,,,,,,,,,,,,,,,,,,
175,Wed,09-01-2019,FALSE,28,Isola dei Pescatori > Caorle,Lignano Pineta,"45.6267, 12.88912","45.66108, 13.10798",,,,,,,,,,,,,,ITA,,,,,,,,,,,,,,,,,,,
176,Thu,10-01-2019,TRUE,28,Lignano Pineta,Villagio Primero,"45.66108, 13.10798","45.69203, 13.45678",Very High,,,,Big Detour on 100km,,,,,,,,,ITA,,,,,,,,,Charles Van Haverbeke,BEL,,,,,,,,,
177,Fri,11-01-2019,FALSE,28,Villagio Primero,Triëst,"45.69203, 13.45678","45.63969, 13.7446",,,,,,,,,,,,,,ITA,,,,,,,,,,,,,,,,,,,
178,Sat,12-01-2019,FALSE,28,Triëst,Umag,"45.63969, 13.7446","45.43313, 13.5187",,,,,,,,,,,,,,ITA / SLO / CRO,,,,,,,,,,,,,,,,,,,
179,Sun,13-01-2019,FALSE,28,Umag,Monsena,"45.43313, 13.5187","45.11955, 13.6156",Low,,,,,,,,,,,,,CRO,,,,,,,,,,,,,,,,,,,
180,Mon,14-01-2019,FALSE,29,Monsena,Kap Kamenjak ,"45.11955, 13.6156","44.77474, 13.90614",Low,,,,,,,,,,,,,CRO,,,,,,,,,,,,,,,,,,,
BUFFER  180,Tue,15-01-2019,FALSE,29,Kap Kamenjak ,Kap Kamenjak ,"44.77474, 13.90614","44.77474, 13.90614",Low,,,,,,,,,,,,,CRO,,,,,,,,,,,,,,,,,,,
181,Wed,16-01-2019,FALSE,29,Kap Kamenjak ,Tregatari,"44.77474, 13.90614","45.00295, 14.05558",Low,,,,,,,,,,,,,CRO,,,,,,,,,,,,,,,,,,,
182,Thu,17-01-2019,FALSE,29,Tregatari,Rijeka,"45.00295, 14.05558","45.32769, 14.4321",Low,,,,,,,,,,,,,CRO,,,,,,,,,,,,,,,,,,,
183,Fri,18-01-2019,FALSE,29,Rijeka,Krk,"45.32769, 14.4321","45.02751, 14.57833",Low,,,,,,,,,,,,,CRO,,,,,,,,,,,,,,,,,,,
184,Sat,19-01-2019,FALSE,29,Krk,Rudine,"45.02751, 14.57833","45.17289, 14.62741",Low,,,,,,,,,,,,,CRO,,,,,,,,,,,,,,,,,,,
185,Sun,20-01-2019,FALSE,29,Rudine,Jurkusa > Starigrad,"45.17289, 14.62741","44.76284, 14.88837",Low,,,,,,,,,,,,,CRO,,,,,,,,,,,,,,,,,,,
186,Mon,21-01-2019,FALSE,30,Jurkusa > Starigrad,Seline,"44.76284, 14.88837","44.26917, 15.48544",Low,,,,,,,,,,,,,CRO,,,,,,,,,,,,,,,,,,,
187,Tue,22-01-2019,FALSE,30,Seline,Zubovici,"44.26917, 15.48544","44.52174, 14.97194",Low,,,,,,,,,,,,,CRO,,,,,,,,,,,,,,,,,,,
188,Wed,23-01-2019,FALSE,30,Zubovici,Novalja,"44.52174, 14.97194","44.55182, 14.88058",,,,,,,,,,,,,,CRO,,,,,,,,,,,,,,,,,,,
189,Thu,24-01-2019,FALSE,30,Novalja,Stari Grad Ljubac,"44.55182, 14.88058","44.27611, 15.2835",,,,,,,,,,,,,,CRO,,,,,,,,,,,,,,,,,,,
190,Fri,25-01-2019,FALSE,30,Stari Grad Ljubac,Zadar,"44.27611, 15.2835","44.09728, 15.2463",,,,,,,,,,,,,,CRO,,,,,,,,,,,,,,,,,,,
BUFFER  190,Sat,26-01-2019,FALSE,30,Zadar,Zadar,"44.09728, 15.2463","44.09728, 15.2463",,,,,,,,,,,,,,CRO,,,,,,,,,,,,,,,,,,,
191,Sun,27-01-2019,FALSE,30,Zadar,Kosirina > Murter,"44.09728, 15.2463","43.79627, 15.60241",,,,,,,,,,,,,,CRO,,,,,,,,,,,,,,,,,,,
192,Mon,28-01-2019,FALSE,31,Kosirina > Murter,Bilo Lokvica > Primosten Burnji,"43.79627, 15.60241","43.62654, 15.91482",,,,,,,,,,,,,,CRO,,,,,,,,,,,,,,,,,,,
193,Tue,29-01-2019,FALSE,31,Bilo Lokvica > Primosten Burnji,Seget Vranjica,"43.62654, 15.91482","43.62654, 15.91482",,,,,,,,,,,,,,CRO,,,,,,,,,,,,,,,,,,,
194,Wed,30-01-2019,FALSE,31,Seget Vranjica,Podstrana,"43.62654, 15.91482","43.48993, 16.54142",,,,,,,,,,,,,,CRO,,,,,,,,,,,,,,,,,,,
195,Thu,31-01-2019,FALSE,31,Podstrana,Ploce,"43.48993, 16.54142","43.03968, 17.41633",,,,,,,,,,,,,,CRO,,,,,,,,,,,,,,,,,,,
196,Fri,01-02-2019,FALSE,31,Ploce,Brijesta,"43.03968, 17.41633","42.91946, 17.53351",,,,,,,,,,,,,,CRO / BOS / CRO,,,,,,,,,,,,,,,,,,,
197,Sat,02-02-2019,FALSE,31,Brijesta,Podobuce <> Potomje,"42.91946, 17.53351","42.93869, 17.31006",,,,,,,,,,,,,,CRO,,,,,,,,,,,,,,,,,,,
198,Sun,03-02-2019,FALSE,31,Podobuce <> Potomje,Brsecine,"42.93869, 17.31006","42.7313, 17.94039",,,,,,,,,,,,,,CRO,,,,,,,,,,,,,,,,,,,
199,Mon,04-02-2019,FALSE,32,Brsecine,Topla,"42.7313, 17.94039","42.45904, 18.51601",,,,,,,,,,,,,,CRO / SER,,,,,,,,,,,,,,,,,,,
200,Tue,05-02-2019,FALSE,32,Topla,Velja Spila Beach > Radovici,"42.45904, 18.51601","42.37774, 18.65228",,,,,,,,,,,,,,SER,,,,,,,,,,,,,,,,,,,
BUFFER  200,Wed,06-02-2019,FALSE,32,Velja Spila Beach > Radovici,Velja Spila Beach > Radovici,"42.37774, 18.65228","42.37774, 18.65228",,,,,,,,,,,,,,SER,,,,,,,,,,,,,,,,,,,
201,Thu,07-02-2019,FALSE,32,Velja Spila Beach > Radovici,Kruce,"42.37774, 18.65228","41.96721, 19.14594",,,,,,,,,,,,,,SER,,,,,,,,,,,,,,,,,,,
202,Fri,08-02-2019,FALSE,32,Kruce,Gomsiqe,"41.96721, 19.14594","41.89813, 19.3674",,,,,,,,,,,,,,SER / ALB,,,,,,,,,,,,,,,,,,,
203,Sat,09-02-2019,FALSE,32,Gomsiqe,Laguna e Patokut,"41.89813, 19.3674","41.60386, 19.58107",,,,,,,,,,,,,,ALB,,,,,,,,,,,,,,,,,,,
204,Sun,10-02-2019,FALSE,32,Laguna e Patokut,Plazhi I Kalase > Bardhor,"41.60386, 19.58107","41.13373, 19.44446",,,,,,,,,,,,,,ALB,,,,,,,,,,,,,,,,,,,
205,Mon,11-02-2019,FALSE,33,Plazhi I Kalase > Bardhor,River Lumi,"41.13373, 19.44446","40.82585, 19.38691",,,,,,,,,,,,,,ALB,,,,,,,,,,,,,,,,,,,
206,Tue,12-02-2019,FALSE,33,River Lumi,Poro,"40.82585, 19.38691","40.63421, 19.41333",,,,,,,,,,,,,,ALB,,,,,,,,,,,,,,,,,,,
207,Wed,13-02-2019,FALSE,33,Poro,Dukat i Ri,"40.63421, 19.41333","40.25245, 19.42892",,,,,,,,,,,,,,ALB,,,,,,,,,,,,,,,,,,,
208,Thu,14-02-2019,FALSE,33,Dukat i Ri,Ksamil,"40.25245, 19.42892","39.78562, 20.00565",,,,,,,,,,,,,,ALB,,,,,,,,,,,,,,,,,,,
209,Fri,15-02-2019,FALSE,33,Ksamil,Ragio,"39.78562, 20.00565","39.58543, 20.20081",,,,,,,,,,,,,,ALB / GRE,,,,,,,,,,,,,,,,,,,
210,Sat,16-02-2019,FALSE,33,Ragio,Valtos > Parga,"39.58543, 20.20081","39.28226, 20.38768",,,,,,,,,,,,,,GRE,,,,,,,,,,,,,,,,,,,
BUFFER  210,Sun,17-02-2019,FALSE,33,Valtos > Parga,Valtos > Parga,"39.28226, 20.38768","39.28226, 20.38768",,,,,,,,,,,,,,GRE,,,,,,,,,,,,,,,,,,,
211,Mon,18-02-2019,FALSE,34,Valtos > Parga,Lefkada,"39.28226, 20.38768","38.84649, 20.68388",,,,,,,,,,,,,,GRE,,,,,,,,,,,,,,,,,,,
212,Tue,19-02-2019,FALSE,34,Lefkada,Kariotes,"38.84649, 20.68388","38.8016, 20.72541",,,,,,,,,,,,,,GRE,,,,,,,,,,,,,,,,,,,
213,Wed,20-02-2019,FALSE,34,Kariotes,In front of Petalas (island),"38.8016, 20.72541","38.42289, 21.11637",High (10-12km),Kariotes>Lefkada > Plagia instead of Kariotes > Plagia crossing,,,,,,,,,,,,GRE,,,,,,,,,,,,,,,,,,,
214,Thu,21-02-2019,FALSE,34,In front of Petalas (island),Close to I. M. Taxiarchon (Abbey),"38.42289, 21.11637","38.32584, 21.22443",,,,,,,,,,,,,,GRE,,,,,,,,,,,,,,,,,,,
215,Fri,22-02-2019,FALSE,34,Close to I. M. Taxiarchon (Abbey),Ekklisia Analipsi > Galatas,"38.32584, 21.22443","38.31379, 21.53513",,,,,,,,,,,,,,GRE,,,,,,,,,,,,,,,,,,,
216,Sat,23-02-2019,FALSE,34,Ekklisia Analipsi > Galatas,Lake Kotychi > Close to Katarrachi,"38.31379, 21.53513","37.9935, 21.28512",Medium (5),Beaches of Kotychi,,,,,,,,,,,,GRE,,,,,,,,,,,,,,,,,,,
217,Sun,24-02-2019,FALSE,34,Lake Kotychi > Close to Katarrachi,Kato Samiko,"37.9935, 21.28512","37.5496, 21.55604",,,,,,,,,,,,,,GRE,,,,,,,,,,,,,,,,,,,
218,Mon,25-02-2019,FALSE,35,Kato Samiko,Kamaria,"37.5496, 21.55604","36.79886, 21.7672",,,,,,,,,,,,,,GRE,,,,,,,,,,,,,,,,,,,
219,Tue,26-02-2019,FALSE,35,Kamaria,Mourtzinos Tower > Kardamyli,"36.79886, 21.7672","36.88501, 22.23515",,,,,,,,,,,,,,GRE,,,,,,,,,,,,,,,,,,,
220,Wed,27-02-2019,FALSE,35,Mourtzinos Tower > Kardamyli,Korogonianika,"36.88501, 22.23515","36.44423, 22.50174",,,,,,,,,,,,,,GRE,,,,,,,,,,,,,,,,,,,
BUFFER  220,Thu,28-02-2019,FALSE,35,Korogonianika,Korogonianika,"36.44423, 22.50174","36.44423, 22.50174",,,,,,,,,,,,,,GRE,,,,,,,,,,,,,,,,,,,
221,Fri,01-03-2019,FALSE,35,Korogonianika,Plitra,"36.44423, 22.50174","36.68888, 22.83658",,,,,,,,,,,,,,GRE,,,,,,,,,,,,,,,,,,,
222,Sat,02-03-2019,FALSE,35,Plitra,Ag. Kiriaki,"36.68888, 22.83658","36.69645, 23.03249",,,,,,,,,,,,,,GRE,,,,,,,,,,,,,,,,,,,
223,Sun,03-03-2019,FALSE,35,Ag. Kiriaki,Paralia,"36.69645, 23.03249","37.22775, 22.88616",,,,,,,,,,,,,,,,,,,,,,,,,,,,,,,,,
224,Mon,04-03-2019,FALSE,36,Paralia,Kirche Panagia > Iria,"37.22775, 22.88616","37.47455, 23.04907",,,,,,,,,,,,,,,,,,,,,,,,,,,,,,,,,
225,Tue,05-03-2019,FALSE,36,Kirche Panagia > Iria,Achladitsa,"37.47455, 23.04907","37.39476, 23.30208",,,,,,,,,,,,,,,,,,,,,,,,,,,,,,,,,
226,Wed,06-03-2019,FALSE,36,Achladitsa,Nisida,"37.39476, 23.30208","37.58862, 23.22083",,,,,,,,,,,,,,,,,,,,,,,,,,,,,,,,,
227,Thu,07-03-2019,FALSE,36,Nisida,Stikas > Megara,"37.58862, 23.22083","37.97203, 23.29654",,,,,,,,,,,,,,,,,,,,,,,,,,,,,,,,,
228,Fri,08-03-2019,FALSE,36,Stikas > Megara,Glyfada,"37.97203, 23.29654","37.86806, 23.73662",,,,,,,,,,,,,,,,,,,,,,,,,,,,,,,,,
229,Sat,09-03-2019,FALSE,36,Glyfada,Elies Daskaliou,"37.86806, 23.73662","37.82148, 24.04724",,,,,,,,,,,,,,,,,,,,,,,,,,,,,,,,,
230,Sun,10-03-2019,FALSE,36,Elies Daskaliou,Ag. Konstantinos,"37.82148, 24.04724","38.33819, 23.76823",,,,,,,,,,,,,,,,,,,,,,,,,,,,,,,,,
BUFFER  230,Mon,11-03-2019,FALSE,37,Ag. Konstantinos,Ag. Konstantinos,"38.33819, 23.76823","38.33819, 23.76823",,,,,,,,,,,,,,,,,,,,,,,,,,,,,,,,,
231,Tue,12-03-2019,FALSE,37,Ag. Konstantinos,Mpoufalo,"38.33819, 23.76823","38.31873, 24.09978",,,,,,,,,,,,,,,,,,,,,,,,,,,,,,,,,
232,Wed,13-03-2019,FALSE,37,Mpoufalo,Aetos,"38.31873, 24.09978","38.00963, 24.43209",,,,,,,,,,,,,,,,,,,,,,,,,,,,,,,,,
233,Thu,14-03-2019,FALSE,37,Aetos,Paralia Zarakon,"38.00963, 24.43209","38.31821, 24.23299",,,,,,,,,,,,,,,,,,,,,,,,,,,,,,,,,
234,Fri,15-03-2019,FALSE,37,Paralia Zarakon,Mili <> Pigadia,"38.31821, 24.23299","38.73131, 23.73748",,,,,,,,,,,,,,,,,,,,,,,,,,,,,,,,,
235,Sat,16-03-2019,FALSE,37,Mili <> Pigadia,Egglisia Agia Varvara > Vigla,"38.73131, 23.73748","38.91345, 23.00936",,,,,,,,,,,,,,,,,,,,,,,,,,,,,,,,,
236,Sun,17-03-2019,FALSE,37,Egglisia Agia Varvara > Vigla,Dafni,"38.91345, 23.00936","38.62141, 23.49677",,,,,,,,,,,,,,,,,,,,,,,,,,,,,,,,,
237,Mon,18-03-2019,FALSE,38,Dafni,Lekouna,"38.62141, 23.49677","38.64461, 23.26243",,,,,,,,,,,,,,,,,,,,,,,,,,,,,,,,,
238,Tue,19-03-2019,FALSE,38,Lekouna,Kato Damasta,"38.64461, 23.26243","38.80922, 22.50484",,,,,,,,,,,,,,,,,,,,,,,,,,,,,,,,,
239,Wed,20-03-2019,FALSE,38,Kato Damasta,Achillio,"38.80922, 22.50484","39.01146, 22.95376",,,,,,,,,,,,,,,,,,,,,,,,,,,,,,,,,
240,Thu,21-03-2019,FALSE,38,Achillio,Volos,"39.01146, 22.95376","39.35874, 22.93993",,,,,,,,,,,,,,,,,,,,,,,,,,,,,,,,,
BUFFER  240,Fri,22-03-2019,FALSE,38,Volos,Volos,"39.35874, 22.93993","39.35874, 22.93993",,,,,,,,,,,,,,,,,,,,,,,,,,,,,,,,,
241,Sat,23-03-2019,FALSE,38,,,,,,,,,,,,,,,,,,,,,,,,,,,,,,,,,,,,,
242,Sun,24-03-2019,FALSE,38,,,,,,,,,,,,,,,,,,,,,,,,,,,,,,,,,,,,,
243,Mon,25-03-2019,FALSE,39,,,,,,,,,,,,,,,,,,,,,,,,,,,,,,,,,,,,,
244,Tue,26-03-2019,FALSE,39,,,,,,,,,,,,,,,,,,,,,,,,,,,,,,,,,,,,,
245,Wed,27-03-2019,FALSE,39,,,,,,,,,,,,,,,,,,,,,,,,,,,,,,,,,,,,,
246,Thu,28-03-2019,FALSE,39,,,,,,,,,,,,,,,,,,,,,,,,,,,,,,,,,,,,,
247,Fri,29-03-2019,FALSE,39,,,,,,,,,,,,,,,,,,,,,,,,,,,,,,,,,,,,,
248,Sat,30-03-2019,FALSE,39,,,,,,,,,,,,,,,,,,,,,,,,,,,,,,,,,,,,,
249,Sun,31-03-2019,FALSE,39,,,,,,,,,,,,,,,,,,,,,,,,,,,,,,,,,,,,,
250,Mon,01-04-2019,FALSE,,,,,,,,,,,,,,,,,,,,,,,,,,,,,,,,,,,,,,
BUFFER  250,Tue,02-04-2019,FALSE,,,,,,,,,,,,,,,,,,,,,,,,,,,,,,,,,,,,,,
251,Wed,03-04-2019,FALSE,,,,,,,,,,,,,,,,,,,,,,,,,,,,,,,,,,,,,,
252,Thu,04-04-2019,FALSE,,,,,,,,,,,,,,,,,,,,,,,,,,,,,,,,,,,,,,
253,Fri,05-04-2019,FALSE,,,,,,,,,,,,,,,,,,,,,,,,,,,,,,,,,,,,,,
254,Sat,06-04-2019,FALSE,,,,,,,,,,,,,,,,,,,,,,,,,,,,,,,,,,,,,,
255,Sun,07-04-2019,FALSE,,,,,,,,,,,,,,,,,,,,,,,,,,,,,,,,,,,,,,